<?xml version="1.0" encoding="UTF-8" standalone="yes"?>
<service xmlns="http://www.activegrid.com/namespaces/ServiceDefinitions/1.0" springFile="EnviarMail.spring.xml" type="JavaService" CRUDService="false" class="EnviarMail" id="EnviarMail">
    <operation name="sendEmailNotification">
        <parameter isList="false" typeRef="java.lang.String" name="correopadre"/>
        <parameter isList="false" typeRef="java.lang.String" name="correomadre"/>
        <parameter isList="false" typeRef="java.lang.String" name="nombreAcceso"/>
        <parameter isList="false" typeRef="java.util.Date" name="hora"/>
        <parameter isList="false" typeRef="java.util.Date" name="fechaActual"/>
        <parameter isList="false" typeRef="java.util.Date" name="fecha"/>
        <parameter isList="false" typeRef="java.util.Date" name="fecha2"/>
        <parameter isList="false" typeRef="java.lang.String" name="ruta"/>
        <parameter isList="false" typeRef="java.lang.String" name="observacion"/>
        <parameter isList="false" typeRef="java.lang.String" name="grupo"/>
        <parameter isList="false" typeRef="java.lang.String" name="nombreCompletoAlumno"/>
        <parameter isList="false" typeRef="int" name="codigoAlumno"/>
        <parameter isList="false" typeRef="java.lang.String" name="loggedMail"/>
        <parameter isList="false" typeRef="java.lang.String" name="solicitud"/>
        <parameter isList="false" typeRef="java.lang.String" name="nombredocente"/>
        <parameter isList="false" typeRef="java.lang.String" name="maildocente"/>
        <parameter isList="false" typeRef="int" name="tipo_sol"/>
        <parameter isList="false" typeRef="java.lang.String" name="tipo_solicitud"/>
        <return isList="false" typeRef="java.lang.String"/>
    </operation>
    <dataobjects>
        <dataobject supportsQuickData="false" name="Date" javaType="java.util.Date">
            <element allowNull="false" isList="false" typeRef="int" name="date"/>
            <element allowNull="false" isList="false" typeRef="int" name="day"/>
            <element allowNull="false" isList="false" typeRef="int" name="hours"/>
            <element allowNull="false" isList="false" typeRef="int" name="minutes"/>
            <element allowNull="false" isList="false" typeRef="int" name="month"/>
            <element allowNull="false" isList="false" typeRef="int" name="seconds"/>
            <element allowNull="false" isList="false" typeRef="long" name="time"/>
            <element allowNull="false" isList="false" typeRef="int" name="timezoneOffset"/>
            <element allowNull="false" isList="false" typeRef="int" name="year"/>
        </dataobject>
    </dataobjects>
</service>
