<!DOCTYPE hibernate-mapping PUBLIC "-//Hibernate/Hibernate Mapping DTD 3.0//EN" "http://hibernate.sourceforge.net/hibernate-mapping-3.0.dtd">
<hibernate-mapping>
    <class name="com.aprendoz_desarrollo.data.VistaTransporteRutas" table="vista_transporte_rutas" catalog="aprendoz_desarrollo" dynamic-insert="false" dynamic-update="false">
        <composite-id name="id" class="com.aprendoz_desarrollo.data.VistaTransporteRutasId">
            <key-property name="idRuta" type="integer">
                <column name="id_ruta"/>
            </key-property>
            <key-property name="numeroRuta" type="string">
                <column name="numero_ruta"/>
            </key-property>
            <key-property name="placaVehiculo" type="string">
                <column name="placa_vehiculo"/>
            </key-property>
            <key-property name="tipoTransporteIdTipoTransporte" type="integer">
                <column name="tipo_transporte_id_tipo_transporte"/>
            </key-property>
        </composite-id>
    </class>
</hibernate-mapping>