<?xml version="1.0" encoding="UTF-8" standalone="yes"?>
<beans xsi:schemaLocation="http://www.springframework.org/schema/beans http://www.springframework.org/schema/beans/spring-beans-2.0.xsd" xmlns="http://www.springframework.org/schema/beans" xmlns:xsi="http://www.w3.org/2001/XMLSchema-instance">
    <import resource="classpath:ActualizaDatos.spring.xml"/>
    <import resource="classpath:EnviarMail.spring.xml"/>
    <import resource="classpath:EnviarMailPermanente.spring.xml"/>
    <import resource="classpath:WSHomedata.spring.xml"/>
    <import resource="classpath:aprendoz_desarrollo.spring.xml"/>
    <import resource="classpath:reciboExtractos.spring.xml"/>
    <import resource="classpath:reciboMatricula.spring.xml"/>
    <import resource="classpath:reciboMensualidades.spring.xml"/>
    <import resource="classpath:reciboPagoBancos.spring.xml"/>
    <import resource="classpath:reporte.spring.xml"/>
    <import resource="classpath:com/wavemaker/runtime/service/runtimeServiceBean.xml"/>
    <import resource="classpath:securityService.spring.xml"/>
</beans>
